model,target,cv_rmse,cv_std,test_rmse,test_mae,improvement_%
RandomForest,total,16.778761372118844,0.15450516602417977,16.694708480132554,13.315437144844648,-0.00023647656954283805
