target,rmse,mae
spread,17.081381520985992,13.362674499195471
total,16.994995091944322,13.509222345267144
