target,rmse,mae
spread,17.444295132136993,13.820063837818784
total,16.639730343507313,13.11217220607562
