target,rmse,mae
spread,18.699221877125165,14.860831762929665
total,17.10999649411818,13.581644629643915
