target,rmse,mae
spread,17.575520412671125,13.900870593552849
total,16.71133765554484,13.208933893698347
