target,rmse,mae
spread,17.453294779458023,13.827428821171258
total,16.88242815068944,13.614127139534661
