target,rmse,mae
spread,17.67594143640724,13.847257867690935
total,16.739989358477736,13.456592948157995
