target,rmse,mae
spread,18.100747231057255,14.3556117383116
total,18.33065042122711,14.966209038194924
