target,rmse,mae
spread_ensemble,17.662687698044447,14.048782127223818
total_ensemble,17.029012121805923,13.655623068738855
