target,rmse,mae
spread_ensemble,17.989190613628598,14.008852324939017
total_ensemble,16.960572311618296,13.544440789827211
