edge_bin,count,mean_residual,std_residual,rmse,mae,median_abs_residual
15-100,772,-0.4687462917811327,17.180740118514073,17.187133388263952,13.391910532656677,10.847793549693446
