year,bias,rmse,count
2019,-1.167172705402487,19.49439618905382,667
2021,-1.4263249210913516,18.83361696958103,701
2022,-0.4939799716379735,17.88543262595582,704
2023,0.4999046599313558,17.756371273848195,720
2024,0.8252796336288182,17.891706567291074,737
