target,rmse,mae
spread,17.672477968741415,13.998221159190933
total,16.75825042837804,13.336572510451136
