target,rmse,mae
spread_ensemble,18.119992663348867,14.11577286495273
total_ensemble,16.964111000619152,13.27155013427616
