target,rmse,mae
spread_ensemble,18.314783124746636,14.309065720307997
total_ensemble,16.980365842367863,13.2813704243435
