target,rmse,mae
spread_ensemble,18.05936425500412,14.033137057666265
total_ensemble,16.96133559140161,13.53925885364013
