{
  "raw": {
    "variant": "raw",
    "standardize": false,
    "overall": {
      "bets": 735,
      "hit_rate": 0.5265306122448979,
      "roi": 0.005194326530612188
    },
    "0.0-2.5": {
      "bets": 157,
      "hit_rate": 0.5605095541401274,
      "roi": 0.07006318471337582
    },
    "2.5-7.0": {
      "bets": 226,
      "hit_rate": 0.5309734513274337,
      "roi": 0.013676106194690273
    },
    "7.0-9.0": {
      "bets": 87,
      "hit_rate": 0.4482758620689655,
      "roi": -0.14420103448275864
    },
    ">=8.0": {
      "bets": 306,
      "hit_rate": 0.5359477124183006,
      "roi": 0.023172418300653558
    }
  },
  "standardized": {
    "variant": "standardized",
    "standardize": true,
    "overall": {
      "bets": 735,
      "hit_rate": 0.5292517006802722,
      "roi": 0.010389129251700678
    },
    "0.0-2.5": {
      "bets": 161,
      "hit_rate": 0.577639751552795,
      "roi": 0.1027662732919254
    },
    "2.5-7.0": {
      "bets": 221,
      "hit_rate": 0.5248868778280543,
      "roi": 0.0020562895927601407
    },
    "7.0-9.0": {
      "bets": 88,
      "hit_rate": 0.4659090909090909,
      "roi": -0.11053761363636366
    },
    ">=8.0": {
      "bets": 305,
      "hit_rate": 0.5311475409836065,
      "roi": 0.014008459016393459
    }
  }
}