{
  "overall": {
    "bets": 736,
    "hit_rate": 0.5584239130434783,
    "roi": 0.06608150815217391
  },
  "thresholds": {
    "0.0": {
      "bets": 736,
      "hit_rate": 0.5584239130434783,
      "roi": 0.06608150815217391
    },
    "0.5": {
      "bets": 697,
      "hit_rate": 0.5566714490674318,
      "roi": 0.06273589670014348
    },
    "1.0": {
      "bets": 640,
      "hit_rate": 0.5578125,
      "roi": 0.06491426562499995
    },
    "1.5": {
      "bets": 597,
      "hit_rate": 0.5611390284757118,
      "roi": 0.07126490787269678
    },
    "2.0": {
      "bets": 559,
      "hit_rate": 0.5581395348837209,
      "roi": 0.06553860465116278
    },
    "2.5": {
      "bets": 520,
      "hit_rate": 0.5576923076923077,
      "roi": 0.0646848076923077
    },
    "3.0": {
      "bets": 475,
      "hit_rate": 0.5494736842105263,
      "roi": 0.048994715789473633
    },
    "4.0": {
      "bets": 408,
      "hit_rate": 0.5490196078431373,
      "roi": 0.04812784313725488
    },
    "5.0": {
      "bets": 328,
      "hit_rate": 0.5487804878048781,
      "roi": 0.04767134146341464
    }
  },
  "buckets": {
    "0.0-1.5": {
      "bets": 139,
      "hit_rate": 0.5467625899280576,
      "roi": 0.043818992805755394
    },
    "1.5-3.0": {
      "bets": 122,
      "hit_rate": 0.6065573770491803,
      "roi": 0.15797262295081968
    },
    ">=3.0": {
      "bets": 475,
      "hit_rate": 0.5494736842105263,
      "roi": 0.048994715789473633
    }
  }
}